file_name,prn,name,award,topic_1,topic_2,topic_3,topic_4,topic_5,topic_6,topic_7,topic_8,topic_9,topic_10,topic_11,topic_12,topic_13,topic_14,topic_15,topic_16,topic_17,topic_18,topic_19,topic_20,topic_21,topic_22,topic_23,topic_24,topic_25,topic_26,topic_27,topic_28,topic_29,topic_30,topic_31,topic_32,topic_33,topic_34,topic_35,topic_36,topic_37,topic_38,topic_39,topic_40,topic_41,topic_42,topic_43,topic_44,topic_45,topic_46,topic_47,topic_48,topic_49,topic_50
10000093_Accrington and Rossendale College_Submission.txt,10000093,Accrington and Rossendale College,Bronze,0.011822892133773,0,0.0176165803108808,0.0283560998586905,0.00852567121997174,0.00023551577955723,0.0114460668864814,0,0.0300047103155911,0.00160150730098917,0.00230805463966086,0.0163918982571832,0.0121055110692416,0.0491756947715497,0.0209609043805935,0.0353273669335846,0.0029674988224211,0.00635892604804522,0,0,0,0.0296278850682996,0,0.000942063118228921,0.0211022138483278,0.000518134715025907,0.0369288742345737,0.00993876589731512,0.0346679227508243,0.0492699010833726,0.0995289684408855,0.0246820536975977,0.0427225624116816,0.0341968911917098,0.0113047574187471,0.055016486104569,0.0347621290626472,0.00993876589731512,0.00263777673104098,0.0216203485633537,0.0405087140838436,0.00494583137070184,0.0242581252943947,0,0.036646255299105,0.0298634008478568,0.01530852567122,0.0584550164861046,0.00301460197833255,0.0123881300047103
10000275_Amersham & Wycombe College_Submission.txt,10000275,Amersham & Wycombe College,Bronze,0.00672379696769941,0.0011865524060646,0.0222148978246539,0.0185234014502307,0.00613052076466711,0.0172050098879367,0.0038892551087673,0.0102175346077785,0.00962425840474621,0.0188529993408042,0,0.00481212920237311,0,0.0029004614370468,0.0290705339485827,0.0154911008569545,0.0304548450889914,0.000856954515491101,0,0,0.000461437046802901,0.057811470006592,0,0.0174027686222808,0,0,0.00863546473302571,0.0763348714568227,0.0357943309162821,0.0325642715886618,0.112854317732367,0.0463414634146341,0,0.0442979564930784,0.0011865524060646,0.0352669742913645,0.00573500329597891,0.0334871456822676,0.0129861568885959,0.0263019116677653,0.0219512195121951,0.0334871456822676,0.03955174686882,0.0127883981542518,0,0.057152274225445,0.0176664469347396,0.0038233355306526,0.0169413315754779,0.0510217534607779
10000415_Askham Bryan College_Submission.txt,10000415,Askham Bryan College,Bronze,0.0469909315746084,0,0.0356141797197032,0.0619950535861501,8.24402308326463e-05,0,0.00189612530915087,0.0255564715581204,0.0370981038746909,0.00140148392415499,0.0226710634789777,0.0044517724649629,0.00469909315746084,0.0152514427040396,0.00708985985160759,0.00354492992580379,0.0200329760923331,0.0381698268755153,0,0,0,0,0,0,0.0212695795548228,0,0.0170651277823578,0.0402308326463314,0.00502885408079143,0.0271228359439406,0.143363561417972,0.0504534212695796,0,0.0334707337180544,0.0104699093157461,0.0275350370981039,0.0633140972794724,0,0.0408079142621599,0.0305028854080791,0.0342126957955482,0,0.0267930750206101,0,0.0150041220115416,0.0206100577081616,0.0227535037098104,0.0164880461665293,0,0.0269579554822754
10000473_Aylesbury College_Submission.txt,10000473,Aylesbury College,Bronze,0.01408,0.00208,0.00312,0.00988,0.03428,0.0256,0.01032,0,0.0626,0.00076,0.00108,0.00632,0.00052,0.0104,0.03412,0.02592,0.0218,0.00212,0,0.00028,0,0.0282,0,0.00116,0.01848,0,0.01124,0.04644,0.01068,0.01068,0.11796,0.05292,0,0.05592,0.08976,0.03036,0.04156,0.00996,0.00072,0.00452,0.01824,0.00084,0.02504,0.00868,0.0156,0.06132,0.01704,0.0264,0,0.031
10000721_Bishop Burton College_Submission.txt,10000721,Bishop Burton College,Bronze,0.0531491162559124,0,0.0316903161563356,0.0550908638287279,0.00181727657455813,0,0.0103310928553647,0.00166791137664924,0.0466268359472243,0.0122479462285288,0.00328603435399552,0.00368434154841922,0.0125964650236495,0.0268110530246453,0,0.050336071695295,0.0319641523525019,0.00828976848394324,0.000448095593726662,0.0011949215832711,0,0.019915359721185,0,0,0.0117251680358476,0,0.0053024645257655,0.0419467264127458,0.0383370674632811,0.040403286034354,0.0590988299726164,0.0464276823500124,0,0.0226288274831964,0,0.0831217326362958,0.0328105551406522,0.00776699029126214,0.0482698531242221,0.0100572566591984,0.0282051282051282,0.000298730395817775,0.00973363206372915,0,0.0372915110779188,0.0723176499875529,0.0203385611152601,0.00308688075678367,0,0.00968384366442619
10000747_Blackburn College_Submission.txt,10000747,Blackburn College,Bronze,0.0212266112266112,0,0.0327234927234927,0.0345322245322245,0.008004158004158,0.00902286902286902,0.0181288981288981,0.00101871101871102,0.0562785862785863,0.00532224532224532,0.00143451143451143,0.00297297297297297,0.0123076923076923,0.024012474012474,0.0123284823284823,0.108128898128898,0.0143035343035343,0.0181704781704782,0.00247401247401247,0,0,0.00293139293139293,0,0.00264033264033264,0.0163201663201663,0,0.0129313929313929,0.0433679833679834,0.0253638253638254,0.10010395010395,0.0711850311850312,0.0324948024948025,0.00162162162162162,0.0161538461538462,0.00257796257796258,0.0329313929313929,0.0426403326403326,0.0317463617463617,0.000727650727650728,0.025966735966736,0.0263201663201663,2.07900207900208e-05,0.0126403326403326,0,0.00952182952182952,0.0470686070686071,0.0143243243243243,0.0172972972972973,0.000457380457380457,0.0282536382536383
10000840_Bradford College_Submission.txt,10000840,Bradford College,Bronze,0.059621451104101,0,0.0245425867507886,0.104731861198738,0.0120504731861199,0.0169085173501577,0.0558990536277603,0.0205678233438486,0.0185488958990536,0.0263722397476341,0,0.00378548895899054,0.0101577287066246,0,0,0,0.00473186119873817,0.0149526813880126,0.0255520504731861,0.00637223974763407,0,0.00757097791798107,0,0,0.0143217665615142,0,0.00605678233438486,0.0150788643533123,0,0,0.0625867507886435,0.0171608832807571,0,0.0150788643533123,0.00365930599369085,0.0212618296529968,0.0173501577287066,0.0089589905362776,0.00145110410094637,0.0270662460567823,0.0949526813880126,0,0.0016403785488959,0.0533753943217666,0.0264353312302839,0.0798107255520505,0.0211356466876972,0.0912933753943218,0,0.0089589905362776
10000936_The British School of Osteopathy_Submission.txt,10000936,The British School of Osteopathy,Bronze,0.0222678871660751,0.00110218569026714,0.0297029702970297,0.0343732486456193,0.0073043153371941,0.0168877265084999,0.00851858770782739,0,0.0516345974220064,0.0109284513356996,0,0.0562861946572016,0.0167009153745563,0.000691201195591257,0.0048384083691388,0.026956846628059,0.0364094900056043,0.00960209228470017,0.00332523818419578,0.000242854474126658,0.10407248271997,0.0128526060153185,0,0.000336260041098449,0.000653838968802541,0,0.00868671772837661,0.0211843825892023,0.0212404259293854,0.033682047450028,0.000560433401830749,0.0490005604334018,0,0.0601905473566225,0.000709882308985616,0.0367083878199141,0.0257986175976088,0.0119745936857837,0.00487577059592752,0.0201382402391183,0.0317205305436204,0,0.0267326732673267,0,0.0228656827946946,0.0446852232393051,0.0269194844012703,0.00470764057537829,0,0.0919297590136372
10000952_BMC (Brooksby Melton College)_Submission.txt,10000952,BMC (Brooksby Melton College),Bronze,0.0150622134905043,0,0.00759659462999345,0.0161755075311067,0.00504256712508186,0.00399476096922069,0.0596594629993451,0,0.0155206286836935,0.0229862475442043,0.00412573673870334,0,0.00838244924688932,0,0,0.00392927308447937,0.00484610347085789,0,0.00275049115913556,0,0,0.0662737393582187,0,0.00386378519973805,0.0880157170923379,0,0.112966601178782,0.0364767518009168,0.010150622134905,0.02920759659463,0.0593975114603798,0.0292730844793713,0,0.0175507531106745,0,0.0378519973804846,0.00235756385068762,0.026981008513425,0.0347740667976424,0.0107400130975769,0.0472167648984938,0.0605762933857236,0.0137524557956778,0.00261951538965291,0.0525212835625409,0.0116568434839555,0.0349705304518664,0.0102161100196464,0.0104780615586117,0.0200392927308448
10000975_Buckinghamshire New University_Submission.txt,10000975,Buckinghamshire New University,Bronze,0.0346185533036744,0.000296589223924864,0.065793376173999,0.0175317185697809,0.0186521667490526,0.0530400395452299,0.048311089141539,0,0.0292964244521338,0.00673916625473719,0.019327731092437,0,0.0420991926182238,0.00902949415060142,0.0058493985829626,0.00916131158345691,0.0155874114351623,0.0668643928159499,0.00474542758279783,0,0.000362497940352612,0.0098698302850552,0,0,0.00454770143351458,0,0.00622837370242215,0.0445048607678365,0.00664030318009557,0.0108090294941506,0.0140220794200033,0.0225243038391827,0.00347668479156368,0.0360520678859779,0.0131158345691218,0.0146646894051738,0.0380458065579173,0.0393969352446861,0.000395452298566485,0.0360850222441918,0.0388861426923711,0,0.0183226231669138,0.0328060636019114,0.0443071346185533,0.0596309111880046,0.0357225243038392,0.00645905420991926,0.00021420332839018,0.0159663865546218
10001116_Cambridge Regional College_Submission.txt,10001116,Cambridge Regional College,Bronze,0.00945674044265594,0,0,0.0871227364185111,0,0.00925553319919517,0.0678068410462777,0.0148893360160966,0.0354124748490946,0.0277665995975855,0.00603621730382294,0.0152917505030181,0.00784708249496982,0.0233400402414487,0.00945674044265594,0.00905432595573441,0.00543259557344064,0.0665995975855131,0,0,0,0,0,0,0,0,0.0661971830985915,0.0577464788732394,0,0,0.093158953722334,0,0,0,0.00221327967806841,0,0.00382293762575453,0,0,0.0690140845070423,0.0164989939637827,0.00945674044265594,0.00885311871227364,0.000201207243460765,0.00100603621730382,0.119718309859155,0,0.157344064386318,0,0
10002005_Doncaster College_Submission.txt,10002005,Doncaster College,Bronze,0.0195792493425771,0.00207984699976094,0.0223284723882381,0.0265837915371743,0.0172364331819268,0.00396844370069328,0.0114750179297155,0,0.0535978962467129,0.00207984699976094,0.00136265837915372,0.00107578293091083,0.00619172842457566,0.0190533110207985,0.00645469758546498,0.034401147501793,0.0196748744919914,0.0240497250776954,0.00234281616065025,0.000621563471192924,0,0.0220894095147024,0.0259144154912742,0.000525938321778628,0.0181209658140091,0.000932345206789386,0.0174754960554626,0.0245756633994741,0.0169973703083911,0.0611522830504423,0.0664355725555821,0.0460913220176907,0,0.0339469280420751,0.00356203681568252,0.0370786516853933,0.0487688262012909,0.0159454936648339,0,0.0220655032273488,0.0378436528807076,0.00561797752808989,0.031986612479082,0.000621563471192924,0.0335405211570643,0.0527372699019842,0.015658618216591,0.0422424097537652,0.00466172603394693,0.0392541238345685
10002126_East Riding College_Submission.txt,10002126,East Riding College,Bronze,0.039016974917659,0.000506713959969597,0.0152267544970864,0.0284266531542944,0,0.000532049657968077,0.0162908538130226,0,0.0271852039523689,0.00762604509754244,0.0324296934380542,0.00549784646567013,0.00438307575373702,0.0430453508994173,0.00988092221940714,0.0421586014694705,0.0198378515328097,0.00684063845958956,0.00233088421586015,0,0,0.0911071700025336,0,0,0.0392449961996453,0,0.0279706105903218,0.0312135799341272,0.0978211299721307,0.0343552064859387,0.0824676969850519,0.00481378261971117,0,0.0257917405624525,0.00220420572586775,0.018267038256904,0.00914618697745123,0.00319229794780846,0.000684063845958956,0.00813275905751203,0.00605523182163669,0.0124144920192551,0.0136052698251837,0.00235621991385863,0.0353432987078794,0.0219153787686851,0.0273372181403598,0.0869521155307829,0.000380035469977198,0.0160121611350393
10002412_Farnborough College of Technology_Submission.txt,10002412,Farnborough College of Technology,Bronze,0.0184834123222749,0,0.0023019634394042,0.0155044008124577,0.0043331076506432,0.0125253893026405,0.00812457684495599,0,0.0168584969532837,0,0.0161814488828707,0.0015572105619499,0,0.0370345294515911,0.0105619498984428,0.00900473933649289,0.0168584969532837,0,0.0127962085308057,0,0,0.0125930941096818,0,0.001354096140826,0.048747461069736,0,0.070209884901828,0.0231550440081246,0.0591062965470548,0.0634394041976981,0.102234258632363,0.0415030467163169,0,0.0612051455653351,0.0018957345971564,0.0466486120514557,0.022342586323629,0.0141503046716317,6.77048070412999e-05,0.0190250507786053,0.0393364928909953,0,0.00683818551117129,0.0037914691943128,0.0329045362220718,0.0352742044685173,0.0253215978334462,0.0385240352064997,0,0.0482058226134056
10002718_Goldsmiths  College_Submission.txt,10002718,Goldsmiths  College,Bronze,0.0724067164179105,0.00375,0.0449067164179105,0.0175559701492537,0.0194776119402985,0.0519216417910448,0.0253544776119403,0.000335820895522388,0.0347388059701493,0.0297574626865672,0.0075,0.0151119402985075,0.0365671641791045,0.0117910447761194,0.000988805970149254,0.0177425373134328,0.0276865671641791,0.0349067164179104,0.00664179104477612,0.00194029850746269,0,0.000578358208955224,0.00402985074626866,0,0.00375,0.0341791044776119,0.011865671641791,0.0387126865671642,0.0066044776119403,0.0166044776119403,0.00705223880597015,0.0263059701492537,0.000242537313432836,0.0369216417910448,0.00421641791044776,0.0146455223880597,0.0533208955223881,0.0107089552238806,0.000242537313432836,0.0399626865671642,0.0309328358208955,0,0.0332835820895522,0,0.0309701492537313,0.051865671641791,0.0406529850746269,0.00552238805970149,0.00751865671641791,0.0282276119402985
10002843_Hadlow College_Submission.txt,10002843,Hadlow College,Bronze,0.0323852772466539,0.000597514340344168,0.00848470363288719,0.0784416826003824,0.00408699808795411,0.00382409177820268,4.78011472275335e-05,0.00222275334608031,0.0318594646271511,0.00788718929254302,0.00303537284894838,0,0.00207934990439771,0.0527963671128107,0.00714627151051625,0.0457456978967495,0.0259082217973231,0.00313097514340344,0,0.000932122370936903,0,0.0138145315487572,0,0.048565965583174,0.0104445506692161,0,0.0206739961759082,0.0198374760994264,0.0599187380497132,0.0666586998087954,0.105568833652008,0.0359942638623327,9.56022944550669e-05,0.0217973231357553,0,0.00671606118546845,0.072848948374761,0.0126434034416826,0.0239244741873805,0.00301147227533461,0.0206739961759082,0.0311424474187381,0.00317877629063098,0,0.00602294455066922,0.0602294455066922,0.0253585086042065,0.00807839388145315,0,0.012189292543021
10003146_Hopwood Hall College_Submission.txt,10003146,Hopwood Hall College,Bronze,0.0225721784776903,0.000831146106736658,0.0261154855643045,0.0454068241469816,0.0118547681539808,0.00214348206474191,0,0.00726159230096238,0.094750656167979,0.00306211723534558,0,0,0.00909886264216973,0.0387139107611549,0.0174540682414698,0.057830271216098,0.02082239720035,0.00406824146981627,0,0,0,0.0230533683289589,0.00783027121609799,0.0116360454943132,0.0134733158355206,0,0.0389326334208224,0.0388888888888889,0.047419072615923,0.0462817147856518,0.0835083114610674,0.0168853893263342,0,0.0272965879265092,0.00258092738407699,0.0391076115485564,0.0376640419947507,0.0010498687664042,0.00818022747156605,0.00393700787401575,0.03665791776028,0,0.0385389326334208,0,0.0113298337707787,0.0568241469816273,0.0094925634295713,0.0258530183727034,0.00118110236220472,0.010411198600175
10003200_Hull College_Submission.txt,10003200,Hull College,Bronze,0.0838256800233987,0,0.0258847616262065,0.0336063176367359,0.0077800526469728,0.0039485229599298,0.0118748171980111,0.00210587891196256,0.0414156186019304,0.00584966364434045,0.00599590523544896,0.0142731792921907,0.0144779175197426,0.0245685873062299,0,0.12594325826265,0.0366773910500146,0.00573267037145364,0.000760456273764259,0.00491371746124598,0,0.0183386955250073,2.92483182217023e-05,0,0,0.000731207955542556,0.024071365896461,0.0536706639368236,0.0479672418835917,0.0287218484937116,0.0420590816028078,0.0506580871599883,0,0.0273764258555133,0,0.0152968704299503,0.0342497806376133,0.0140684410646388,0.00166715413863703,0.0159988300672711,0.021409768938286,0.00102369113775958,0.00894998537584089,0,0.0250658087159988,0.0514185434337526,0.00935946183094472,0.0435507458321147,0.000438724773325534,0.014243930973969
10003676_Kingston Maurward College_Submission.txt,10003676,Kingston Maurward College,Bronze,0.0384203480589023,0,0.0121374386434627,0.0302097278000892,0.00611334225792057,0.00272199910754128,0.0155734047300312,8.92458723784025e-05,0.0373493975903615,0.00200803212851406,0.00655957161981258,0.00731816153502901,0.00829986613119143,0.0310575635876841,4.46229361892013e-05,0.0295850066934404,0,0.00624721106648818,0.00129406514948684,0,0,0.0121820615796519,0,0.0150379294957608,0.00919232485497546,0.0127175368139224,0.0670236501561803,0.00771976796073182,0.0639892904953146,0.0241856314145471,0.0875948237394021,0.0266845158411423,0,0.0160642570281124,0.00281124497991968,0.00870147255689424,0.022846943328871,0,0.0647925033467202,0.0284694332887104,0.0209727800089246,0.0377063810798751,0.0180276662204373,0,0.0307452030343597,0.0704149933065596,0.0255243195002231,0.0281124497991968,0,0.0634538152610442
10003678_Kingston University_Submission.txt,10003678,Kingston University,Bronze,0.0341124661246612,0.00240514905149052,0.0596714092140921,0.0148882113821138,0.0398204607046071,0.0533705962059621,0.011229674796748,0,0.0409891598915989,0.0265921409214092,0.0149220867208672,0.00264227642276423,0.0300982384823848,0.0123983739837398,0.00926490514905149,0.00235433604336043,0.0434112466124661,0.0212059620596206,0.00116869918699187,0.00211720867208672,0,0.00538617886178862,0,0.00538617886178862,0.00225271002710027,0.0331131436314363,0.00918021680216802,0.0315548780487805,0.0202405149051491,0.0119749322493225,0.00215108401084011,0.0437161246612466,0,0.0395325203252033,0.00428523035230352,0.0324356368563686,0.0640413279132791,0.0386178861788618,0.000321815718157182,0.0245765582655827,0.0303523035230352,0,0.0213414634146341,0.0002710027100271,0.0167344173441734,0.0381605691056911,0.0442750677506775,0.0222052845528455,0.00550474254742547,0.0297256097560976
10004048_London Metropolitan University_Submission.txt,10004048,London Metropolitan University,Bronze,0.0351766190075694,0,0.0463624894869638,0.0215096719932717,0.0174095878889823,0.045206055508831,0.0259882253994954,0.00176619007569386,0.023380992430614,0.0301934398654331,0.0172413793103448,0.00742220353238015,0.0257779646761985,0.00304878048780488,0.00218671152228764,0.0258410428931876,0.0527964676198486,0.0610597140454163,0.000294365012615643,0.00071488645920942,0,0.00342724978973928,0.00367956265769554,0.000462573591253154,0.000946173254835997,0.00275441547518923,0.0176198486122792,0.032296047098402,0.0464465937762826,0.0204583683767872,0.000756938603868797,0.0478763666947014,0.000946173254835997,0.0355130361648444,0.00555088309503785,0.0424726661059714,0.0471194280908326,0.017767031118587,0,0.030067283431455,0.020206055508831,2.10260723296888e-05,0.0238856181665265,0,0.0082632464255677,0.0379310344827586,0.0540580319596299,0.0299411269974769,0,0.0261564339781329
10004063_The London School of Economics and Political Science_Submission.txt,10004063,The London School of Economics and Political Science,Bronze,0.0338682590035454,0,0.0264228400821049,0.0296323941033775,0.0455308826273559,0.0380668035081172,0.019108042545251,0.00858369098712446,0.0267400634446725,0.0203022952043292,0.00481433103190894,0.0342041425639112,0.027990296697145,0.00233252472476208,0.00119425265907819,0.00173539839522299,0.0363873857062885,0.0298189960813585,0.00524351558126516,0.00300429184549356,0.00419854450457175,0.00515021459227468,0.0859488710580332,0,0.00190334017540586,0,0.0103377495801455,0.039391677551782,0.00901287553648069,0.00972196305280836,0.000149281582384773,0.0493562231759657,0,0.0295017727187908,0.00158611681283822,0.00946072028363501,0.0811158798283262,0.00729613733905579,0.000466504944952416,0.0133607016234372,0.0354916962119798,0.00033588356036574,0.0515954469117373,0.000186601977980967,0.0182683336443366,0.0461653293524911,0.045568203022952,0.00912483672326927,0.000970330285501026,0.0393543571561859
10004576_New College Durham_Submission.txt,10004576,New College Durham,Bronze,0.0307499303038751,0,0.0190131028714803,0.0169222191246167,0.00802899358795651,0.0201003624198495,0.00783384443824923,0.00119877334820184,0.0969054920546418,0.00794535823808196,0.00317814329523279,0.00802899358795651,0.00616113744075829,0.038528017842208,0.0187621968218567,0.00995260663507109,0.0224421522163368,0.00744354613883468,0.00373571229439643,0,0,0.0282129913576805,0,0.00167270699749094,0.0120156119319766,0,0.0147198215779203,0.0650125453024812,0.107805965988291,0.0512405910231391,0.138639531642041,0.0272930025090605,2.78784499581823e-05,0.0218009478672986,0.00482297184276554,0.00683022023975467,0.0192361304711458,0.0181209924728185,0,0.00822414273766379,0.0187900752718149,0.00270420964594369,0.00326177864510733,0,0.00911625313632562,0.0337329244494006,0.0226373013660441,0.0280457206579314,0.000306662949540006,0.0287984388068023
10004686_North East Surrey College of Technology (NESCOT)_Submission.txt,10004686,North East Surrey College of Technology (NESCOT),Bronze,0.043530701754386,0,0.0625,0.0226973684210526,0.0293859649122807,0.0233552631578947,0.00328947368421053,0,0.06875,0.00307017543859649,0,0.000109649122807018,0.00942982456140351,0.0303728070175439,0.0158991228070175,0.0361842105263158,0.0574561403508772,0.0150219298245614,0,0.00493421052631579,0.012719298245614,0.0087719298245614,0,0.00493421052631579,0,0.00416666666666667,0.0141447368421053,0.0394736842105263,0.00603070175438597,0.0387061403508772,0.153179824561404,0.0179824561403509,0,0.0231359649122807,0.0243421052631579,0,0.0104166666666667,0.0246710526315789,0.0178728070175439,0.00745614035087719,0.0414473684210526,0,0.00548245614035088,0,0.0108552631578947,0.0180921052631579,0.0279605263157895,0.018530701754386,0,0.043640350877193
10004760_Northumberland College_Submission.txt,10004760,Northumberland College,Bronze,0.0232519237203078,0,0.0106055536968886,0.0546671127467381,0.0144195383071261,0,0.0265975242556039,0,0.0741385078621613,0,0.00766142522582804,0.00665774506523921,0.00659083305453329,0.0546336567413851,0.0357644697223152,0.00294412847106056,0.0152893944463031,0.00505185680829709,0.00625627300100368,0,0,0.000970224155235865,0,0,0.0148210103713617,0,0.0126463700234192,0.0142857142857143,0.0368016058882569,0.0242556038808966,0.0386416861826698,0.0103713616594179,0,0.0233857477417196,0.00428236868517899,0.0618601538976246,0.0254265640682503,0.00471729675476748,0.043626630980261,0.0215791234526598,0.0363332218133155,0.0100368016058883,0.0559718969555035,0.000501840080294413,0.0144529943124791,0.0538976246236199,0.0492137838742054,0.0664770826363332,0.00120441619270659,0.0297089327534292
10005032_Salford City College_Submission.txt,10005032,Salford City College,Bronze,0.0147797447509263,0,0.0346644709757102,0.0188143268834911,0.0181967888019761,0,0.0138328530259366,0,0.02260189378345,0.00308769040757513,0.014738575545492,0.0016467682173734,0.00955125566076575,0.022107863318238,0.127418690819267,0.00967476327706875,0.0101687937422808,0.00699876492383697,0.00465212021407987,0.0241663235899547,0,0.045697818032112,0,0.0403046521202141,0.0198435570193495,0,0.0291889666529436,0.0143268834911486,0.0461095100864553,0.0371346233017703,0.0939892960065871,0.0403458213256484,0,0.0267188143268835,0,0.0366405928365583,0.0323178262659531,0.000370522848909016,0.00292301358583779,0.00370522848909016,0.0300123507616303,0,0.0216138328530259,0.00489913544668588,0.0134623301770276,0.023095924248662,0.0193495265541375,0.0402223137093454,0,0.0206257719226019
10005124_Plumpton College_Submission.txt,10005124,Plumpton College,Bronze,0.0084669997370497,0,0.0143307914804102,0.020036813042335,0.00281356823560347,0.000447015514067841,0.00110439127004996,0.0793846962924007,0.0241125427294241,0.00452274520115698,0,0.0226926110965028,0.00447015514067841,0.0232973967920063,0.000736260846699974,0.0545884827767552,0.0246647383644491,0.00817775440441757,0,0,0,0.00373389429397844,0.000131475151196424,0,0.01948461740731,0,0.0116224033657639,0.012279779121746,0.00870365500920326,0.056139889560873,0.094372863528793,0.037391533000263,0,0.0367078622140416,0,0.02132526952406,0.0764133578753616,0.0158033131738102,0.0332106231922167,0.00809886931369971,0.0216408098869314,0.0133315803313174,0.0227714961872206,0,0.0304759400473311,0.0799105968971864,0.0306337102287668,0.0209834341309493,0,0.0509860636339732
10005127_Plymouth College of Art_Submission.txt,10005127,Plymouth College of Art,Bronze,0.0605932203389831,0,0.0627118644067797,0.00779661016949153,0.0389830508474576,0.0236440677966102,0.0978813559322034,0,0.0388135593220339,0.0140677966101695,0.0159322033898305,0.0116949152542373,0.0971186440677966,0.00703389830508475,0,0,0,0,0.0175423728813559,0.00330508474576271,0.00364406779661017,0.00788135593220339,0.00110169491525424,0.00186440677966102,0.0188135593220339,0.00110169491525424,0.0127118644067797,0.00296610169491525,0.0011864406779661,0.0161864406779661,0.0659322033898305,0.0222033898305085,0,0.0319491525423729,0.00694915254237288,0.0345762711864407,0.0188135593220339,0.00898305084745763,0,0.0267796610169492,0.0406779661016949,0,0.0248305084745763,0,0.0325423728813559,0.0525423728813559,0.00991525423728813,0,0.0354237288135593,0.0233050847457627
10005200_Preston College_Submission.txt,10005200,Preston College,Bronze,0.0207017543859649,0,0.0153684210526316,0.0315789473684211,0.00512280701754386,0,0.008,0.0150175438596491,0.036280701754386,0.011859649122807,0.00736842105263158,0.00757894736842105,0.00112280701754386,0.142175438596491,0,0.0576842105263158,0.0209122807017544,0.0178947368421053,0,0,0.000771929824561404,0.00617543859649123,0.00119298245614035,0,0.0115087719298246,0,0,0.0468070175438596,0.0494035087719298,0.0323508771929825,0.0991578947368421,0.0448421052631579,0,0.0114385964912281,0,0.0167017543859649,0.0243508771929825,0.00743859649122807,0,0.039719298245614,0.020140350877193,0.00273684210526316,0.0137543859649123,0,0.0204912280701754,0.107017543859649,0.00371929824561404,0.0262456140350877,0,0.0153684210526316
10005404_Reaseheath College_Submission.txt,10005404,Reaseheath College,Bronze,0.028333962976955,0.00107669059312429,0.0329051756705705,0.03362296939932,0.00128447298828863,0.0223460521344919,0.0262372497166604,0.00585568568190404,0.0478655081224027,0.00311673592746506,0.00260672459387986,0.00712126936154137,0.0190215338118625,0.00651681148469966,0.00294673214960332,0.0419342652058935,0.0219871552701171,0.0136569701548923,0.00119002644503211,0.00489233094068757,0,0.0136003022289384,0,0,0.0479410653570079,0,0.0213826973932754,0.0405742349829996,0.0688893086513034,0.0318095957687949,0.0961465810351341,0.0154703437854175,3.77786173026067e-05,0.0202682281828485,0.00175670570457121,0.0211182470721572,0.0238760861352475,0.00819795995466566,0.0121080468454855,0.0184170759350208,0.0487721949376653,0.00171892708726861,0.01637703060068,0.000774461654703438,0.0300906686815263,0.0405742349829996,0.0413486966377031,0.0233660748016623,0.00028333962976955,0.0305817907064601
10006022_Southampton Solent University_Submission.txt,10006022,Southampton Solent University,Bronze,0.0549337260677467,0.00115979381443299,0.0584683357879234,0.0176914580265096,0.0324374079528719,0.049300441826215,0.0265463917525773,0.00156480117820324,0.0388438880706922,0.00778718703976436,0.00708762886597938,0.0194219440353461,0.0302282768777614,0.00416053019145803,0.00631443298969072,0.0069219440353461,0.0352356406480118,0.0336892488954345,0.00101251840942563,0.000736377025036819,0,0.00176730486008837,0,0,0.00119661266568483,0,0.00565169366715758,0.0196612665684831,0.0180044182621502,0.00972017673048601,0.000239322533136966,0.0398564064801178,0.0512334315169367,0.0358247422680412,0.000994108983799705,0.0245581737849779,0.0825478645066274,0.0320508100147275,0.000828424153166421,0.0202871870397644,0.0324189985272459,0,0.0246870397643594,0.000128865979381443,0.0493740795287187,0.0656296023564065,0.0198085419734904,0.0156296023564065,0.00316642120765832,0.0111929307805596
10006038_Southport College_Submission.txt,10006038,Southport College,Bronze,0.017501626545218,0,0.0247234873129473,0.0554326610279766,0.0071893298633702,0.00383864671437866,0.00309043591411841,0.00335068314899154,0.0616460637605726,0.00292778139232271,0.008295380611581,0.0114508783344177,0.0115810019518543,0.0470722186076773,0.0158100195185426,0.0377033181522446,0.0266428106701366,0.0101496421600521,0.00302537410540013,0.0016590761223162,0,0.0279765777488614,0.00130123617436565,0.0215029277813923,0.0108002602472349,0,0.00357839947950553,0.0435914118412492,0.0445348080676643,0.0456408588158751,0.0884189980481457,0.0432661027976578,0,0.0251463890696161,0,0.0392322706571243,0.0130774235523748,0.0275862068965517,0.00172413793103448,0.00247234873129473,0.0242355237475602,0.0335393623942746,0.000130123617436565,0,0.0154847104749512,0.0484710474951204,0.0165256994144437,0.0418347430058556,0.000390370852309694,0.0264476252439818
10006842_The University of Liverpool_Submission.txt,10006842,The University of Liverpool,Bronze,0.0447327852004111,0.00120760534429599,0.041726618705036,0.0234583761562179,0.046813977389517,0.0295477903391572,0.0306269270298047,0.000668036998972251,0.0399794450154162,0.00560123329907503,0.0131294964028777,0.0178828365878726,0.0298818088386434,0,7.70811921891059e-05,0.00200411099691675,0.0395940390544707,0.0566546762589928,0.0103031860226105,0.00118191161356629,0,0.0375385405960946,0.00616649537512847,0.000719424460431655,0.0104830421377184,0.00092497430626927,0.0280832476875642,0.0455035971223022,0.0318602261048304,0.00354573484069887,0.000462487153134635,0.0399537512846865,0,0.0192446043165468,0.000565262076053443,0.0320400822199383,0.0515673175745118,0.0209146968139774,0.000488180883864337,0.0391829393627955,0.0298561151079137,0,0.0392857142857143,0.000385405960945529,0.00986639260020555,0.0739722507708119,0.0294193216855087,0.00308324768756423,0,0.00981500513874615
10007144_University of East London_Submission.txt,10007144,University of East London,Bronze,0.0301960784313726,0.00117647058823529,0.0439803921568628,0.017078431372549,0.00788235294117647,0.0490196078431373,0.0142745098039216,0,0.0305686274509804,0.00292156862745098,0.0191176470588235,0.00447058823529412,0.0765294117647059,0.0134509803921569,0,0.00135294117647059,0.0218039215686275,0.021921568627451,0.00688235294117647,0.000803921568627451,0,0.00311764705882353,0,0,0.00605882352941176,0.00109803921568627,0.0155098039215686,0.0270392156862745,0.0594705882352941,0.0234313725490196,0.00141176470588235,0.043078431372549,0.00547058823529412,0.0346666666666667,0,0.0585098039215686,0.052921568627451,0.0372745098039216,0.000411764705882353,0.0262352941176471,0.0400980392156863,3.92156862745098e-05,0.0268823529411765,0,0.022921568627451,0.0596666666666667,0.0393725490196078,0.0261960784313726,0.000235294117647059,0.0254509803921569
10007156_The University of Salford_Submission.txt,10007156,The University of Salford,Bronze,0.0185185185185185,0.00111972437553833,0.0587137525122021,0.0120872810795291,0.0237151880562733,0.0328165374677003,0.0140970427792133,0,0.0302612690209589,0.0136663795578524,0.028825724949756,0.010594315245478,0.0288831467126041,0.00470858455354579,0.0333046224519093,0.00307206431237439,0.0262417456215906,0.028366350846971,0.00335917312661499,0.00407694516221648,0.00180878552971576,0.00252655756531726,0,0,0,0,0.0177146138386448,0.0515647430376113,0.0132644272179156,0.0154751650875682,0,0.0572782084409991,0.00175136376686764,0.0527706000574218,0.000602928509905254,0.0275911570485214,0.097616996841803,0.0385587137525122,0.000631639391329314,0.0318116566178582,0.0278208440999139,0,0.0202698822853862,0,0.0266149870801034,0.0595750789549239,0.0412001148435257,0.0108814240597186,0.000832615561297732,0.0254091300602929
10007158_University of Southampton_Submission.txt,10007158,University of Southampton,Bronze,0.068762561010623,0.00301464254952627,0.0416020671834625,0.0231983921906403,0.0421188630490956,0.0644559287970141,0.0171116853287396,0,0.0577375825437841,0.018288831467126,0.0197530864197531,0.00913006029285099,0.0209302325581395,0.0079816250358886,0,0.0233132357163365,0.0249210450760838,0.0518805627332759,0.0064886592018375,0.000746482917025553,0,0.0064886592018375,0,0,0.000746482917025553,0,0.0143267298306058,0.04229112833764,0.0135802469135802,0.0255239735859891,0,0.0276198679299455,0,0.0311225954636807,0.00126327878265863,0.0166236003445306,0.0260120585701981,0.0380993396497273,0,0.0415446454206144,0.0168532873959231,0,0.0173700832615561,0,0.0227964398507034,0.0797014068331898,0.0343382141831754,0.00568475452196382,0.00186620729256388,0.0347114556416882
10007165_The University of Westminster_Submission.txt,10007165,The University of Westminster,Bronze,0.0346649059095411,0.000561241333773523,0.0543743809838231,0.0263783426873556,0.105909541102674,0.0449653350940905,0.0423241994057445,0.000528227137669198,0.0657312644437108,0.0139980191482337,0.0331132386926378,0.00402773192472763,0.0458237041928029,0.0126774513040607,0.00346649059095411,0.00726312314295147,0.022053482997689,0.0222185539782106,0.0181247936612743,0.00307032023770221,0,0.00194783757015517,0,0,0,0.00534829976890063,0.00300429184549356,0.0169032684054143,0.00884780455595906,0.0067679102013866,0.0115549686365137,0.0333773522614724,0.00234400792340707,0.0295146913172664,0,0.0200726312314295,0.0541432816110928,0.0314955430835259,0.000726312314295147,0.0186860349950479,0.0324859689666557,0,0.013106635853417,0.00102344007923407,0.0134367778144602,0.0213601848794982,0.0435457246616045,0.00607461208319578,0.0293826345328491,0.0335754374380984
10007166_University of Wolverhampton_Submission.txt,10007166,University of Wolverhampton,Bronze,0.0206362021637332,0.00410140481188439,0.0424511545293073,0.0100920393993218,0.057871790731471,0.00901017277571452,0.0738575811399968,0,0.0420636202163733,0.0166155336670434,0.0204747295333441,0.0329081220733086,0.0252866139189407,0.000322945260778298,0.00700791215888907,0.0377038591958663,0.0146455675762958,0.0649119974164379,0.00539318585499758,0.00104957209752947,0,0.00205070240594219,0,4.84417891167447e-05,0.00158243177781366,0.00124333925399645,0.00203455514290328,0.0317939609236235,0.014419505893751,0.00636202163733247,0.0050863878572582,0.0171483933473276,0.000403681575972873,0.0361698692071694,0.00214758598417568,0.0138059098982722,0.0966575165509446,0.0419021475859842,0,0.0359276602615857,0.027886323268206,0,0.0192798320684644,0,0.0268044566445987,0.0538672694978201,0.0284030356854513,0.022396253834975,0.000403681575972873,0.0257710318101082
10007527_Wiltshire College_Submission.txt,10007527,Wiltshire College,Bronze,0.029364406779661,0,0.00436440677966102,0.0599576271186441,0.00292372881355932,0.00389830508474576,0,0.000635593220338983,0.103559322033898,0.0124152542372881,0.00415254237288136,0.000677966101694915,0.00588983050847458,0.0141949152542373,0.00694915254237288,0.035635593220339,0.0152542372881356,0.0272881355932203,0,0,0,0.0149576271186441,0,0.0290254237288136,0.00652542372881356,0,0.00114406779661017,0.0494915254237288,0.00224576271186441,0.0371186440677966,0.0775847457627119,0.060635593220339,0,0.0121610169491525,0.0106779661016949,0.0133050847457627,0.0522033898305085,0,0.0258474576271186,0.00110169491525424,0.0116101694915254,0.00156779661016949,0.00974576271186441,0,0.0203389830508475,0.076228813559322,0.0282627118644068,0.041864406779661,0.000677966101694915,0.0885169491525424
10007657_Writtle University College_Submission.txt,10007657,Writtle University College,Bronze,0.0273670832450752,0.00233001482736708,0.0493963143401822,0.0133869942808727,0.02039822071595,0.0168396526159712,0.0101673374285109,0.00506248676127939,0.0401609828426181,0.0161618301207371,0.00506248676127939,0.0257572548188943,0.0227494174962932,0.0163736496504978,0,0.0242533361575937,0.0298877356492269,0.0214785003177293,0.000275365388688837,0.0326837534420674,0.00144037280237238,0.000444821012497352,0,0.000910823977970769,0.0147638212243169,0,0.0117771658546918,0.0317517475111205,0.0153569159076467,0.0283202711289981,0.0300360093200593,0.0480830332556662,0.00410929887735649,0.0486125820800678,0.00112264350773141,0.0215208642236814,0.021372590552849,0.0165219233213302,0.0516627833086211,0.0457530184282991,0.0370260538021606,0,0.0189578479135776,0,0.0317305655581445,0.050010590976488,0.0466638424062699,0.00686295276424486,0,0.0353950434230036
10007713_York St John University_Submission.txt,10007713,York St John University,Bronze,0.0493485342019544,0.0127442996742671,0.110545602605863,0.0238192182410423,0.0311074918566775,0.0269543973941368,0.0388843648208469,0.000651465798045603,0.0562296416938111,0.0651058631921824,0.00350162866449511,0.0200732899022801,0.0313110749185668,0.00529315960912052,0,0,0.0318403908794788,0.0581840390879479,0,0.00248371335504886,0,0.00525244299674267,0,4.07166123778502e-05,0,0,0.00350162866449511,0.0197475570032573,0.00232084690553746,0.00708469055374593,0,0.0252035830618893,4.07166123778502e-05,0.0287052117263844,0.00142508143322476,0.025,0.0641693811074919,0.0138029315960912,0,0.0453990228013029,0.0191368078175896,0,0.0859527687296417,0,0.00285016286644951,0.0458876221498371,0.0134364820846906,0.00671824104234528,0.00337947882736156,0.0128664495114007
10007776_Roehampton University_Submission.txt,10007776,Roehampton University,Bronze,0.0360752279635258,0.00699088145896657,0.0539323708206687,0.0165273556231003,0.0107142857142857,0.023879179331307,0.0297492401215805,0,0.00854863221884499,0.0207066869300912,0.0213905775075988,0.00455927051671733,0.0234802431610942,0.00267857142857143,0.00381838905775076,0.00117781155015198,0.0553761398176292,0.060733282674772,0.00480623100303951,0,0,0,0,0,0.00132978723404255,0.00140577507598784,0.0626139817629179,0.0318768996960486,0.00951747720364742,0.0174392097264438,0.00528115501519757,0.0319908814589666,0,0.0397796352583587,0.00970744680851064,0.0293503039513678,0.0753609422492401,0.0233092705167173,0.00125379939209726,0.0424392097264438,0.0487841945288754,0,0.0389437689969605,0.000208966565349544,0.0132788753799392,0.0378229483282675,0.0530775075987842,0.0128039513677812,0.00246960486322189,0.0248100303951368
10007780_The School of Oriental and African Studies_Submission.txt,10007780,The School of Oriental and African Studies,Bronze,0.0606976227504999,0.000622083981337481,0.0277049544545657,0.00773161519662297,0.0491668518107087,0.0751388580315486,0.0332814930015552,0.000822039546767385,0.0338369251277494,0.011064207953788,0.00146634081315263,0.0200622083981338,0.0201066429682293,0.00402132859364586,0,0.000288824705620973,0.0348811375249944,0.0352810486558543,0.126349700066652,0.00031104199066874,0,0.0059542323928016,0,0.00139968895800933,0,0,0.0204843368140413,0.0172850477671629,0.0122639413463675,0.00826483003776938,0.000844256831815152,0.0468784714507887,0,0.0333259275716507,0,0.0134414574538991,0.0180626527438347,0.00266607420573206,0.000622083981337481,0.0332370584314597,0.0225727616085314,0,0.0712952677182848,0,0.0249277938235948,0.047522772717174,0.0600311041990669,0.000644301266385248,0.000888691401910687,0.0145523217062875
10007782_St. Georges  University of London_Submission.txt,10007782,St. Georges  University of London,Bronze,0.0294552929085303,0.0834943473792395,0.0235971223021583,0.0303186022610483,0.019486125385406,0.0414594039054471,0.00571428571428571,0.00172661870503597,0.0250770811921891,0.022158273381295,0.048879753340185,0.0175539568345324,0.0304008221993834,0.0118602261048304,0.00261048304213772,0.00429599177800617,0.0193833504624872,0.036032887975334,0.00996916752312436,0.00205549845837616,0.0147173689619733,0.00382322713257965,0,0,0.000904419321685509,0.00100719424460432,0.0112641315519013,0.0354162384378212,0.0136073997944502,0.019054470709147,0.00295991778006167,0.0469475847893114,0,0.0417471736896197,0.00575539568345324,0.0253648509763618,0.0315313463514902,0.0253237410071942,0.00039054470709147,0.0308119218910586,0.023967112024666,0.0187255909558068,0.0227543679342241,0,0.0294552929085303,0.0317780061664954,0.0221993833504625,0.010606372045221,0.000534429599177801,0.0638232271325797
10007801_University of Plymouth_Submission.txt,10007801,University of Plymouth,Bronze,0.0463852716659183,0.00121239335428828,0.0480466995958689,0.0317018410417602,0.0503143242029636,0.0193533902110462,0.0300404131118096,0,0.0362370902559497,0.0101257296811855,0.0291872474180512,0.0137853614728334,0.0910642119443197,0,0.00312079030085317,0.00181859003143242,0.0224517287831163,0.0325101032779524,0.00327795240233498,0.00127974854063763,2.24517287831163e-05,0.00545577009429726,0,0,0.000853165693758419,0.00118994162550516,0.0260440053884149,0.0197350696003592,0.00698248765154917,0.0161652447238437,0.00116748989672205,0.0377413560844185,0,0.0268971710821733,0,0.00776829815895824,0.0786484059272564,0.0369555455770094,0,0.014279299506062,0.0389537494387068,0,0.0314773237539291,0.00112258643915581,0.0189492590929502,0.0676919622810956,0.0325325550067355,0.0175348001796138,0.00229007633587786,0.0376290974405029
10007842_The University of Cumbria_Submission.txt,10007842,The University of Cumbria,Bronze,0.0170365673219193,0.00386810399492708,0.0308391460579159,0.00940604523356584,0.0921792432889453,0.0190445994504333,0.0107376875924752,0,0.0908898752906362,0.0113929401817798,0.01143521454238,0.0182202494187275,0.0204396533502431,0.0093003593320651,0.0205453392517438,0.00443880786303107,0.0295920524202072,0.0154090044388079,0.0057281758613401,0.000507292327203551,6.34115409004439e-05,0.0182202494187275,0.000169097442401184,0.000338194884802367,0.00887761572606214,0,0.00190234622701332,0.0288733882900021,0.0344113295286409,0.0141830479813993,0.00995561192136969,0.0288945254703023,0.00279010779961953,0.0342210949059395,0.00538998097653773,0.0135066582117945,0.0761572606214331,0.0446205876136123,0.000570703868103995,0.0415345592897907,0.0256605368843796,0,0.0196998520397379,0,0.0164447262735151,0.069710420629888,0.0205030648911435,0.044853096596914,0.000676389769604735,0.0167617839780173
10007858_University of Wales Trinity Saint David_Submission.txt,10007858,University of Wales Trinity Saint David,Bronze,0.0406536219816819,0.000312239800166528,0.0356369691923397,0.0227310574521232,0.0787676935886761,0.0146336386344713,0.0371565362198168,0,0.0550582847626978,0.0131140716069942,0.00992922564529559,0.000249791840133222,0.0198168193172356,0.0103247293921732,0.0273105745212323,0.00997085761865113,0.0307660283097419,0.0289342214820983,0.00310158201498751,0.000353871773522065,0,0.00418401332223147,0.000499583680266445,0.000666111573688593,0.0111781848459617,0,0.0103663613655287,0.0757285595337219,0.0159242298084929,0.020233139050791,0.0101373855120733,0.0339508742714405,0,0.026706910907577,0.0123022481265612,0.0271440466278102,0.0471690258118235,0.0245004163197336,0,0.0110324729392173,0.0164029975020816,0,0.0285179017485429,0.0288509575353872,0.0360116569525396,0.0672772689425479,0.0102206494587843,0.0273938384679434,0,0.0147793505412157
10007859_Warwickshire College_Submission.txt,10007859,Warwickshire College,Bronze,0.0128712871287129,0.00191831683168317,0.00507425742574258,0.0467821782178218,0.0157178217821782,0.00433168316831683,0.00711633663366337,0.0872524752475247,0.0308787128712871,0.00736386138613861,0.00724009900990099,0.030259900990099,0,0.0444925742574257,0.0217821782178218,0.0173267326732673,0.0361386138613861,0.00167079207920792,0,0,0,0.00587871287128713,0,0,0.0306930693069307,0,0.0190594059405941,0.0219059405940594,0.0371287128712871,0.0473391089108911,0.113737623762376,0.0218440594059406,0,0.0170792079207921,0.0077970297029703,0.0280940594059406,0.0327970297029703,0.0201113861386139,0.0129331683168317,0.00383663366336634,0.014480198019802,0.00303217821782178,0.0119430693069307,0.0367574257425743,0.00637376237623762,0.0616336633663366,0.00643564356435644,0.0154084158415842,0.00451732673267327,0.0409653465346535
10007938_Grimsby Institute of Further and Higher Education_Submission.txt,10007938,Grimsby Institute of Further and Higher Education,Bronze,0.0304650640305549,0.000494270950348236,0.0271175016850146,0.0234329364187823,0.005504381037969,0.00855987418557628,0.0120647045607729,0.00361716468209391,0.0351157043361043,0.0107391597393844,0.00384183329588856,0.00640305549314761,0.0124017074814648,0.0192091664794428,0.006470456077286,0.0208492473601438,0.0507526398562121,0.010334756234554,4.49337227589306e-05,0.00080880700966075,0,0.00458323972141092,0,0.00080880700966075,0.013277915075264,0,0.0131655807683667,0.0402830824533813,0.0184228263311615,0.0376769265333633,0.0128959784318131,0.0512244439451809,0.00150527971242417,0.0384407998202651,0.000921141316558077,0.0651314311390699,0.0328914850595372,0.0124241743428443,0.00341496292967872,0.0348461019995507,0.0453605931251404,0.00224668613794653,0.038193664345091,0.00727926308694675,0.0305998651988317,0.0674005841383959,0.0383733992361267,0.0583239721410919,0.00166254774208043,0.0404178836216581
10007945_Highbury College Portsmouth_Submission.txt,10007945,Highbury College Portsmouth,Bronze,0.0029501525940997,0,0.0186673448626653,0.0496439471007121,0.00559511698880977,0.00300101729399797,0.0488809766022381,0.00412004069175992,0.030264496439471,0.00315361139369278,0,0,0.00188199389623601,0.0846897253306206,0.00152594099694812,0.048118006103764,0.0123092573753815,0.125228891149542,0,0,0,0,0,0.00208545269582909,0,0.00178026449643947,0.00849440488301119,0.0462868769074262,0.0420142421159715,0.0348931841302136,0.0950152594099695,0.0326551373346897,0,0.0343336724313327,0.00854526958290946,0.0614445574771109,0.0305696846388606,0,0,0.0169888097660224,0.000610376398779247,0.00228891149542218,0.00742624618514751,0.00162767039674466,0.0133774160732452,0.0795523906408952,0.0118006103763988,0.014292980671414,0,0.0138860630722279
10008017_Trinity Laban Conservatoire of Music and Dance_Submission.txt,10008017,Trinity Laban Conservatoire of Music and Dance,Bronze,0.0212395929694727,0.00062904717853839,0.0434782608695652,0.02159111933395,0.010527289546716,0.0220721554116559,0.00662349676225717,0.00382978723404255,0.0307678075855689,0.063145235892692,0,0.00690101757631822,0.0423496762257169,0.00793709528214616,0.000536540240518039,0.0177798334875116,0.0272895467160037,0.00749306197964847,0.000277520814061055,0.00247918593894542,0,0,0,0.000314523589269195,0.00207215541165587,0.000666049953746531,0.0089731729879741,0.046049953746531,0.0351526364477336,0.0290841813135985,0.00122109158186864,0.0374098057354302,0,0.0666049953746531,0.049472710453284,0.0363737280296022,0.0522479185938945,0.00462534690101758,0,0.0259019426456984,0.0246253469010176,0.00125809435707678,0.0246438482886216,0,0.0488436632747456,0.015004625346901,0.0317483811285846,0.010527289546716,0.0863829787234043,0.0238482886216466
10008569_Tyne Metropolitan College_Submission.txt,10008569,Tyne Metropolitan College,Bronze,0.015,0,0.0309770114942529,0.0487931034482759,0.0111494252873563,0.000977011494252874,0.00126436781609195,0.00597701149425287,0.0511494252873563,0.0108620689655172,0,0.00764367816091954,0.00229885057471264,0.0527011494252874,0.0159195402298851,0.0698850574712644,0.00298850574712644,0.00367816091954023,0,0,0,0.00936781609195402,0.0110344827586207,0,0.0119540229885057,0,0.0185057471264368,0.0298850574712644,0.0251724137931035,0.0614367816091954,0.0881034482758621,0.0100574712643678,0,0.00827586206896552,0,0.0373563218390805,0.0122413793103448,0.0117241379310345,0.00885057471264368,0.0189080459770115,0.0273563218390805,0.00224137931034483,0.00224137931034483,0,0.0309770114942529,0.105229885057471,0.00120689655172414,0.0291954022988506,0,0.107413793103448
10014001_University of Suffolk_Submission.txt,10014001,University of Suffolk,Bronze,0.0261618798955614,0.000678851174934726,0.0368494342906876,0.0188511749347258,0.0399651871192341,0.0294865100087032,0.0193385552654482,0,0.0419321148825065,0.0141514360313316,0.0240557006092254,0.0542384682332463,0.0432027850304613,0.00497824194952132,0.00711923411662315,0.00649260226283725,0.0316100957354221,0.0241427328111401,0.00114882506527415,0.000591818973020017,0,0.00092254134029591,5.22193211488251e-05,0.00127067014795474,0.0131070496083551,0.000452567449956484,0.00212358572671889,0.0339947780678851,0.0279721496953873,0.0311053089643168,0.00184508268059182,0.0434986945169713,0,0.0300957354221062,0.000905134899912968,0.0344125326370757,0.0582767624020888,0.0568668407310705,0.00175805047867711,0.017319408181027,0.0413577023498694,0,0.0323411662315057,0.000278503046127067,0.0354569190600522,0.0436553524804178,0.0245430809399478,0.0119930374238468,0.00393385552654482,0.0254656222802437
10024962_Leeds City College_Submission.txt,10024962,Leeds City College,Bronze,0.0255461025523109,0,0.0304667739710278,0.0301448608875604,0.00938146700390894,0.0105081627960451,0.0245803633019085,0.00367900666819959,0.0372729363071971,0.028903196137043,0.000298919291791216,0.00694412508622672,0.0174982754656243,0.0149459645895608,0.00818578983674408,0.0247873074269947,0.0286962520119568,0.0241204874683835,0.000505863416877443,0.0323752586801564,0.00071280754196367,0.00926649804552771,0,0,0.0100942745458726,0,0.0209703380087376,0.0222349965509313,0.031133593929639,0.0482179811450908,0.0551851000229938,0.0215911703839963,0.000574844791906185,0.0375028742239595,0,0.0524258450218441,0.0418716946424465,0.024534375718556,0.00112669579213612,0.0332260289721775,0.0271326741779719,0,0.0312945504713727,0.000275925500114969,0.0195907105081628,0.0712577604046907,0.0218900896757875,0.0188089215911704,0.0233846861347436,0.0168544492986894
10031982_BPP University Limited_Submission.txt,10031982,BPP University Limited,Bronze,0.0151094890510949,0,0.00806569343065693,0.0245985401459854,0.0232846715328467,0.0102919708029197,0.0239416058394161,0.0121532846715328,0.0344525547445256,0.0110583941605839,0.00131386861313869,0.00532846715328467,0.00182481751824818,0.0392700729927007,0.018978102189781,0.0282846715328467,0.0123357664233577,0.017956204379562,0.0384306569343066,0.00182481751824818,0.00408759124087591,0.00397810218978102,0,0.00164233576642336,0.0208759124087591,0,0.0166423357664234,0.0395255474452555,0.01,0.0959489051094891,0.00795620437956205,0.0318978102189781,0,0.0921167883211679,0,0.0213503649635037,0.00558394160583942,0.162408759124088,0,0.0337956204379562,0.0118248175182482,0.00332116788321168,0.0113138686131387,0,0.00821167883211679,0.0340875912408759,0.0206204379562044,0.00496350364963504,3.64963503649635e-05,0.0293065693430657
